"","date","price"
"1",2018-02-12,1000
"2",2018-02-13,1003.8325
"3",2018-02-14,1013.2619
"4",2018-02-15,1016.1704
"5",2018-02-16,1016.2871
"6",2018-02-17,1016.2728
"7",2018-02-18,1016.2485
"8",2018-02-19,1016.5602
"9",2018-02-20,1009.3996
"10",2018-02-21,1005.3539
"11",2018-02-22,1005.8417
"12",2018-02-23,1015.0739
"13",2018-02-24,1015.0406
"14",2018-02-25,1015.0073
"15",2018-02-26,1024.3427
"16",2018-02-27,1010.5083
"17",2018-02-28,1008.4299
"18",2018-03-01,1001.0885
"19",2018-03-02,1009.2464
"20",2018-03-03,1009.2137
"21",2018-03-04,1009.181
"22",2018-03-05,1021.7312
"23",2018-03-06,1012.8584
"24",2018-03-07,1023.7703
"25",2018-03-08,1033.757
"26",2018-03-09,1048.5514
"27",2018-03-10,1048.5172
"28",2018-03-11,1048.483
"29",2018-03-12,1049.3973
"30",2018-03-13,1041.3334
"31",2018-03-14,1033.0607
"32",2018-03-15,1035.5545
"33",2018-03-16,1042.0649
"34",2018-03-17,1042.0309
"35",2018-03-18,1041.9969
"36",2018-03-19,1033.4983
"37",2018-03-20,1035.3835
"38",2018-03-21,1031.0705
"39",2018-03-22,1008.1697
"40",2018-03-23,985.8578
"41",2018-03-24,986.4178
"42",2018-03-25,986.3879
"43",2018-03-26,1009.0756
"44",2018-03-27,990.2823
"45",2018-03-28,983.4175
"46",2018-03-29,996.7247
"47",2018-03-30,996.6922
"48",2018-03-31,996.6597
"49",2018-04-01,996.6272
"50",2018-04-02,973.6904
"51",2018-04-03,983.703
"52",2018-04-04,997.389
"53",2018-04-05,1001.5481
"54",2018-04-06,982.8513
"55",2018-04-07,982.8193
"56",2018-04-08,982.7872
"57",2018-04-09,985.9035
"58",2018-04-10,996.7268
"59",2018-04-11,990.29
"60",2018-04-12,995.0243
"61",2018-04-13,990.8294
"62",2018-04-14,990.7971
"63",2018-04-15,990.7648
"64",2018-04-16,997.7404
"65",2018-04-17,1004.3979
"66",2018-04-18,1002.3468
"67",2018-04-19,996.184
"68",2018-04-20,990.1616
"69",2018-04-21,990.1293
"70",2018-04-22,990.097
"71",2018-04-23,995.7882
"72",2018-04-24,980.8771
"73",2018-04-25,989.6283
"74",2018-04-26,1000.4963
"75",2018-04-27,1004.959
"76",2018-04-28,1004.9262
"77",2018-04-29,1004.8935
"78",2018-04-30,1005.9208
"79",2018-05-01,1005.888
"80",2018-05-02,1013.3111
"81",2018-05-03,1013.5188
"82",2018-05-04,1029.4439
"83",2018-05-05,1029.4103
"84",2018-05-06,1029.3767
"85",2018-05-07,1041.8297
"86",2018-05-08,1054.6672
"87",2018-05-09,1059.0225
"88",2018-05-10,1058.5101
"89",2018-05-11,1046.8026
"90",2018-05-12,1046.7685
"91",2018-05-13,1046.7343
"92",2018-05-14,1055.1737
"93",2018-05-15,1063.8428
"94",2018-05-16,1065.947
"95",2018-05-17,1067.5584
"96",2018-05-18,1072.5259
"97",2018-05-19,1072.4909
"98",2018-05-20,1072.4559
"99",2018-05-21,1072.421
"100",2018-05-22,1060.5284
"101",2018-05-23,1060.6752
"102",2018-05-24,1057.9498
"103",2018-05-25,1057.7374
"104",2018-05-26,1057.7029
"105",2018-05-27,1057.6685
"106",2018-05-28,1056.1839
"107",2018-05-29,1051.5295
"108",2018-05-30,1064.8667
"109",2018-05-31,1063.7012
"110",2018-06-01,1075.4866
"111",2018-06-02,1075.4515
"112",2018-06-03,1075.4164
"113",2018-06-04,1078.1765
"114",2018-06-05,1085.1324
"115",2018-06-06,1086.2268
"116",2018-06-07,1086.3074
"117",2018-06-08,1088.8973
"118",2018-06-09,1088.8618
"119",2018-06-10,1088.8263
"120",2018-06-11,1094.5378
"121",2018-06-12,1099.18
"122",2018-06-13,1096.5319
"123",2018-06-14,1099.432
"124",2018-06-15,1101.6752
"125",2018-06-16,1101.6393
"126",2018-06-17,1101.6034
"127",2018-06-18,1101.3693
"128",2018-06-19,1104.2525
"129",2018-06-20,1103.2125
"130",2018-06-21,1099.1233
"131",2018-06-22,1093.6926
"132",2018-06-23,1093.6569
"133",2018-06-24,1093.6213
"134",2018-06-25,1083.0427
"135",2018-06-26,1085.4871
"136",2018-06-27,1085.9331
"137",2018-06-28,1093.493
"138",2018-06-29,1098.7168
"139",2018-06-30,1098.681
"140",2018-07-01,1098.6452
"141",2018-07-02,1098.6094
"142",2018-07-03,1099.3409
"143",2018-07-04,1100.6876
"144",2018-07-05,1110.4343
"145",2018-07-06,1122.4965
"146",2018-07-07,1122.4599
"147",2018-07-08,1122.4233
"148",2018-07-09,1122.8926
"149",2018-07-10,1123.4335
"150",2018-07-11,1119.653
"151",2018-07-12,1122.6702
"152",2018-07-13,1124.1463
"153",2018-07-14,1124.1097
"154",2018-07-15,1124.073
"155",2018-07-16,1124.0364
"156",2018-07-17,1134.6648
"157",2018-07-18,1138.1874
"158",2018-07-19,1143.4204
"159",2018-07-20,1138.6552
"160",2018-07-21,1138.6181
"161",2018-07-22,1138.581
"162",2018-07-23,1145.8382
"163",2018-07-24,1138.3868
"164",2018-07-25,1137.8303
"165",2018-07-26,1131.9225
"166",2018-07-27,1115.1685
"167",2018-07-28,1115.1322
"168",2018-07-29,1115.0958
"169",2018-07-30,1100.9853
"170",2018-07-31,1107.2271
"171",2018-08-01,1109.8537
"172",2018-08-02,1122.814
"173",2018-08-03,1126.1208
"174",2018-08-04,1126.0841
"175",2018-08-05,1126.0474
"176",2018-08-06,1135.8324
"177",2018-08-07,1131.5111
"178",2018-08-08,1134.1378
"179",2018-08-09,1136.1386
"180",2018-08-10,1141.5594
"181",2018-08-11,1141.5222
"182",2018-08-12,1141.485
"183",2018-08-13,1145.1912
"184",2018-08-14,1155.5576
"185",2018-08-15,1155.5199
"186",2018-08-16,1159.9166
"187",2018-08-17,1167.4919
"188",2018-08-18,1167.4538
"189",2018-08-19,1167.4538
"190",2018-08-20,1171.5936
"191",2018-08-21,1167.032
"192",2018-08-22,1160.7052
"193",2018-08-23,1166.6399
"194",2018-08-24,1168.9797
"195",2018-08-25,1168.9416
"196",2018-08-26,1168.9035
"197",2018-08-27,1167.7867
"198",2018-08-28,1171.0032
"199",2018-08-29,1190.3441
"200",2018-08-30,1199.4365
"201",2018-08-31,1207.2381
"202",2018-09-01,1207.2381
"203",2018-09-02,1207.2381
"204",2018-09-03,1212.2708
"205",2018-09-04,1222.4122
"206",2018-09-05,1215.632
"207",2018-09-06,1204.7734
"208",2018-09-07,1206.821
"209",2018-09-08,1206.7817
"210",2018-09-09,1206.7423
"211",2018-09-10,1213.2751
"212",2018-09-11,1226.69
"213",2018-09-12,1213.6153
"214",2018-09-13,1206.7128
"215",2018-09-14,1210.1509
"216",2018-09-15,1210.1115
"217",2018-09-16,1210.0721
"218",2018-09-17,1210.0326
"219",2018-09-18,1209.9932
"220",2018-09-19,1209.9538
"221",2018-09-20,1199.5814
"222",2018-09-21,1185.3813
"223",2018-09-22,1185.3426
"224",2018-09-23,1185.304
"225",2018-09-24,1183.4392
"226",2018-09-25,1188.9135
"227",2018-09-26,1172.8725
"228",2018-09-27,1172.6227
"229",2018-09-28,1168.5373
"230",2018-09-29,1168.4992
"231",2018-09-30,1168.4611
"232",2018-10-01,1165.1442
"233",2018-10-02,1167.138
"234",2018-10-03,1171.7647
"235",2018-10-04,1179.8285
"236",2018-10-05,1175.7779
"237",2018-10-06,1175.7395
"238",2018-10-07,1175.7012
"239",2018-10-08,1188.1524
"240",2018-10-09,1192.0244
"241",2018-10-10,1152.3703
"242",2018-10-11,1130.0355
"243",2018-10-12,1138.1052
"244",2018-10-13,1138.0681
"245",2018-10-14,1138.031
"246",2018-10-15,1137.9939
"247",2018-10-16,1143.7582
"248",2018-10-17,1143.0588
"249",2018-10-18,1133.1862
"250",2018-10-19,1134.8661
"251",2018-10-20,1134.8291
"252",2018-10-21,1134.7921
"253",2018-10-22,1137.2585
"254",2018-10-23,1138.9551
"255",2018-10-24,1104.8546
"256",2018-10-25,1128.469
"257",2018-10-26,1111.7535
"258",2018-10-27,1111.7172
"259",2018-10-28,1111.681
"260",2018-10-29,1100.0084
"261",2018-10-30,1125.2368
"262",2018-10-31,1147.3843
"263",2018-11-01,1147.3469
"264",2018-11-02,1147.3095
"265",2018-11-03,1147.2721
"266",2018-11-04,1147.2346
"267",2018-11-05,1131.5298
"268",2018-11-06,1133.7288
"269",2018-11-07,1151.529
"270",2018-11-08,1148.3303
"271",2018-11-09,1145.2303
"272",2018-11-10,1145.193
"273",2018-11-11,1145.1557
"274",2018-11-12,1128.869
"275",2018-11-13,1132.6475
"276",2018-11-14,1122.4618
"277",2018-11-15,1121.677
"278",2018-11-16,1113.9961
"279",2018-11-17,1113.9598
"280",2018-11-18,1113.9386
"281",2018-11-19,1090.8325
"282",2018-11-20,1074.7503
"283",2018-11-21,1076.5214
"284",2018-11-22,1073.57
"285",2018-11-23,1076.2114
"286",2018-11-24,1076.1764
"287",2018-11-25,1076.1413
"288",2018-11-26,1096.299
"289",2018-11-27,1098.6313
"290",2018-11-28,1117.7394
"291",2018-11-29,1111.116
"292",2018-11-30,1120.6363
"293",2018-12-01,1120.5998
"294",2018-12-02,1120.5633
"295",2018-12-03,1126.6471
"296",2018-12-04,1094.0929
"297",2018-12-05,1098.4694
"298",2018-12-06,1107.3775
"299",2018-12-07,1075.1878
"300",2018-12-08,1075.1528
"301",2018-12-09,1075.1178
"302",2018-12-10,1082.3242
"303",2018-12-11,1087.2304
"304",2018-12-12,1091.7897
"305",2018-12-13,1094.0222
"306",2018-12-14,1082.3568
"307",2018-12-15,1082.3216
"308",2018-12-16,1082.2863
"309",2018-12-17,1056.4598
"310",2018-12-18,1062.1141
"311",2018-12-19,1045.0233
"312",2018-12-20,1028.518
"313",2018-12-21,1011.7504
"314",2018-12-22,1011.7174
"315",2018-12-23,1011.6844
"316",2018-12-24,986.4944
"317",2018-12-25,986.4623
"318",2018-12-26,1035.5855
"319",2018-12-27,1046.5598
"320",2018-12-28,1045.6389
"321",2018-12-29,1045.6048
"322",2018-12-30,1045.5708
"323",2018-12-31,1045.5367
"324",2019-01-01,1045.5026
"325",2019-01-02,1059.1737
"326",2019-01-03,1035.5381
"327",2019-01-04,1055.6733
"328",2019-01-05,1055.6389
"329",2019-01-06,1055.6045
"330",2019-01-07,1052.1251
"331",2019-01-08,1062.0665
"332",2019-01-09,1064.1509
"333",2019-01-10,1067.479
"334",2019-01-11,1063.4077
"335",2019-01-12,1063.373
"336",2019-01-13,1063.3384
"337",2019-01-14,1057.065
"338",2019-01-15,1066.9528
"339",2019-01-16,1067.4476
"340",2019-01-17,1073.5625
"341",2019-01-18,1084.9121
"342",2019-01-19,1084.8768
"343",2019-01-20,1084.8414
"344",2019-01-21,1088.5074
"345",2019-01-22,1072.7321
"346",2019-01-23,1074.2261
"347",2019-01-24,1076.2019
"348",2019-01-25,1078.1247
"349",2019-01-26,1078.0895
"350",2019-01-27,1078.0544
"351",2019-01-28,1075.9548
"352",2019-01-29,1070.6548
"353",2019-01-30,1083.7609
"354",2019-01-31,1079.5657
"355",2019-02-01,1076.02
"356",2019-02-02,1075.9849
"357",2019-02-03,1075.9498
"358",2019-02-04,1081.5628
"359",2019-02-05,1084.9749
"360",2019-02-06,1085.2232
"361",2019-02-07,1075.6675
"362",2019-02-08,1079.9838
"363",2019-02-09,1079.9486
"364",2019-02-10,1079.9134
"365",2019-02-11,1087.6828
"366",2019-02-12,1100.4027
"367",2019-02-13,1104.9043
"368",2019-02-14,1110.0025
"369",2019-02-15,1117.3106
"370",2019-02-16,1117.2742
"371",2019-02-17,1117.2378
"372",2019-02-18,1112.3005
"373",2019-02-19,1110.9079
"374",2019-02-20,1106.1243
"375",2019-02-21,1102.3486
"376",2019-02-22,1104.1771
"377",2019-02-23,1104.1411
"378",2019-02-24,1104.1051
"379",2019-02-25,1102.6005
"380",2019-02-26,1102.4336
"381",2019-02-27,1102.4688
"382",2019-02-28,1103.1223
"383",2019-03-01,1116.8093
"384",2019-03-02,1116.7729
"385",2019-03-03,1116.7365
"386",2019-03-04,1116.0433
"387",2019-03-05,1111.9495
"388",2019-03-06,1105.9268
"389",2019-03-07,1102.7997
"390",2019-03-08,1114.5153
"391",2019-03-09,1114.4789
"392",2019-03-10,1114.4426
"393",2019-03-11,1128.6424
"394",2019-03-12,1128.9615
"395",2019-03-13,1133.8673
"396",2019-03-14,1140.8637
"397",2019-03-15,1144.5801
"398",2019-03-16,1144.5428
"399",2019-03-17,1144.5055
"400",2019-03-18,1144.4779
"401",2019-03-19,1141.165
"402",2019-03-20,1139.4577
"403",2019-03-21,1149.7951
"404",2019-03-22,1146.1531
"405",2019-03-23,1146.1157
"406",2019-03-24,1146.0783
"407",2019-03-25,1146.1834
"408",2019-03-26,1154.6903
"409",2019-03-27,1156.7102
"410",2019-03-28,1156.693
"411",2019-03-29,1161.5904
"412",2019-03-30,1161.5525
"413",2019-03-31,1161.5147
"414",2019-04-01,1164.4971
"415",2019-04-02,1161.2986
"416",2019-04-03,1158.8342
"417",2019-04-04,1158.9678
"418",2019-04-05,1160.8326
"419",2019-04-06,1160.7948
"420",2019-04-07,1160.757
"421",2019-04-08,1160.0861
"422",2019-04-09,1154.3715
"423",2019-04-10,1158.6199
"424",2019-04-11,1160.2136
"425",2019-04-12,1161.3058
"426",2019-04-13,1161.268
"427",2019-04-14,1161.2301
"428",2019-04-15,1164.0924
"429",2019-04-16,1166.906
"430",2019-04-17,1158.729
"431",2019-04-18,1163.4085
"432",2019-04-19,1163.3706
"433",2019-04-20,1163.3326
"434",2019-04-21,1163.2947
"435",2019-04-22,1166.928
"436",2019-04-23,1184.5677
"437",2019-04-24,1190.0311
"438",2019-04-25,1195.0712
"439",2019-04-26,1196.5413
"440",2019-04-27,1196.5023
"441",2019-04-28,1196.4633
"442",2019-04-29,1204.7113
"443",2019-04-30,1205.5368
"444",2019-05-01,1205.4975
"445",2019-05-02,1202.9287
"446",2019-05-03,1207.674
"447",2019-05-04,1207.6346
"448",2019-05-05,1207.5953
"449",2019-05-06,1207.1982
"450",2019-05-07,1191.4788
"451",2019-05-08,1191.1966
"452",2019-05-09,1190.5121
"453",2019-05-10,1193.7021
"454",2019-05-11,1193.6632
"455",2019-05-12,1193.6243
"456",2019-05-13,1176.1226
"457",2019-05-14,1184.8543
"458",2019-05-15,1192.9456
"459",2019-05-16,1203.1569
"460",2019-05-17,1201.3804
"461",2019-05-18,1201.3413
"462",2019-05-19,1201.3021
"463",2019-05-20,1193.1511
"464",2019-05-21,1193.1122
"465",2019-05-22,1198.5979
"466",2019-05-23,1186.9308
"467",2019-05-24,1183.9272
"468",2019-05-25,1183.8886
"469",2019-05-26,1183.85
"470",2019-05-27,1186.4949
"471",2019-05-28,1188.5303
"472",2019-05-29,1188.146
"473",2019-05-30,1190.3204
"474",2019-05-31,1178.0463
"475",2019-06-01,1178.0079
"476",2019-06-02,1177.9695
"477",2019-06-03,1163.8288
"478",2019-06-04,1176.5481
"479",2019-06-05,1179.6266
"480",2019-06-06,1184.8508
"481",2019-06-07,1196.8984
"482",2019-06-08,1196.8594
"483",2019-06-09,1196.8204
"484",2019-06-10,1211.6083
"485",2019-06-11,1205.3143
"486",2019-06-12,1204.7857
"487",2019-06-13,1212.1132
"488",2019-06-14,1213.778
"489",2019-06-15,1213.7384
"490",2019-06-16,1213.6989
"491",2019-06-17,1212.6063
"492",2019-06-18,1220.879
"493",2019-06-19,1219.8293
"494",2019-06-20,1215.4208
"495",2019-06-21,1214.709
"496",2019-06-22,1214.6694
"497",2019-06-23,1214.6298
"498",2019-06-24,1208.8975
"499",2019-06-25,1190.3119
"500",2019-06-26,1192.4207
"501",2019-06-27,1197.0546
"502",2019-06-28,1201.8087
"503",2019-06-29,1201.7696
"504",2019-06-30,1201.7304
"505",2019-07-01,1209.0123
"506",2019-07-02,1218.927
"507",2019-07-03,1226.038
"508",2019-07-04,1221.2688
"509",2019-07-05,1229.0824
"510",2019-07-06,1229.0423
"511",2019-07-07,1229.0023
"512",2019-07-08,1227.1812
"513",2019-07-09,1234.7436
"514",2019-07-10,1234.8112
"515",2019-07-11,1232.6481
"516",2019-07-12,1234.8244
"517",2019-07-13,1234.7841
"518",2019-07-14,1234.7439
"519",2019-07-15,1232.0602
"520",2019-07-16,1232.0201
"521",2019-07-17,1224.4404
"522",2019-07-18,1231.0791
"523",2019-07-19,1228.3732
"524",2019-07-20,1228.3331
"525",2019-07-21,1228.2931
"526",2019-07-22,1236.179
"527",2019-07-23,1249.7347
"528",2019-07-24,1256.1604
"529",2019-07-25,1254.0604
"530",2019-07-26,1267.0922
"531",2019-07-27,1267.0509
"532",2019-07-28,1267.0096
"533",2019-07-29,1265.2287
"534",2019-07-30,1267.4364
"535",2019-07-31,1255.9714
"536",2019-08-01,1252.8247
"537",2019-08-02,1252.8485
"538",2019-08-03,1252.8076
"539",2019-08-04,1252.7668
"540",2019-08-05,1234.7238
"541",2019-08-06,1242.1536
"542",2019-08-07,1248.1596
"543",2019-08-08,1259.1401
"544",2019-08-09,1251.8466
"545",2019-08-10,1251.8058
"546",2019-08-11,1251.765
"547",2019-08-12,1244.7164
"548",2019-08-13,1249.6637
"549",2019-08-14,1216.6326
"550",2019-08-15,1216.593
"551",2019-08-16,1235.1444
"552",2019-08-17,1235.1041
"553",2019-08-18,1235.0639
"554",2019-08-19,1255.0267
"555",2019-08-20,1243.1664
"556",2019-08-21,1251.5041
"557",2019-08-22,1256.5807
"558",2019-08-23,1229.3582
"559",2019-08-24,1229.3181
"560",2019-08-25,1229.2781
"561",2019-08-26,1246.8164
"562",2019-08-27,1246.678
"563",2019-08-28,1259.0202
"564",2019-08-29,1269.4272
"565",2019-08-30,1267.9453
"566",2019-08-31,1267.904
"567",2019-09-01,1267.8627
"568",2019-09-02,1275.3895
"569",2019-09-03,1268.693
"570",2019-09-04,1278.3092
"571",2019-09-05,1285.2729
"572",2019-09-06,1275.0648
"573",2019-09-07,1275.0232
"574",2019-09-08,1274.9816
"575",2019-09-09,1279.3205
"576",2019-09-10,1281.1859
"577",2019-09-11,1290.593
"578",2019-09-12,1289.1242
"579",2019-09-13,1280.0137
"580",2019-09-14,1279.9719
"581",2019-09-15,1279.9302
"582",2019-09-16,1278.5423
"583",2019-09-17,1291.3842
"584",2019-09-18,1291.3421
"585",2019-09-19,1291.3
"586",2019-09-20,1291.2579
"587",2019-09-21,1291.2158
"588",2019-09-22,1291.1737
"589",2019-09-23,1298.1958
"590",2019-09-24,1284.1449
"591",2019-09-25,1301.2424
"592",2019-09-26,1295.996
"593",2019-09-27,1286.9202
"594",2019-09-28,1287.6878
"595",2019-09-29,1287.6458
"596",2019-09-30,1298.9925
"597",2019-10-01,1286.7908
"598",2019-10-02,1264.5418
"599",2019-10-03,1261.0239
"600",2019-10-04,1270.8146
"601",2019-10-05,1270.7732
"602",2019-10-06,1270.7317
"603",2019-10-07,1268.3377
"604",2019-10-08,1257.1198
"605",2019-10-09,1271.9197
"606",2019-10-10,1274.1496
"607",2019-10-11,1274.2211
"608",2019-10-12,1274.1796
"609",2019-10-13,1274.1381
"610",2019-10-14,1271.5155
"611",2019-10-15,1290.515
"612",2019-10-16,1293.7152
"613",2019-10-17,1287.8099
"614",2019-10-18,1275.32
"615",2019-10-19,1275.2784
"616",2019-10-20,1275.2369
"617",2019-10-21,1308.3206
"618",2019-10-22,1308.0355
"619",2019-10-23,1310.7969
"620",2019-10-24,1310.3523
"621",2019-10-25,1320.3569
"622",2019-10-26,1320.3139
"623",2019-10-27,1320.2708
"624",2019-10-28,1325.7801
"625",2019-10-29,1327.3821
"626",2019-10-30,1346.1193
"627",2019-10-31,1346.0754
"628",2019-11-01,1346.0315
"629",2019-11-02,1345.9876
"630",2019-11-03,1345.9438
"631",2019-11-04,1363.2752
"632",2019-11-05,1377.6988
"633",2019-11-06,1373.5219
"634",2019-11-07,1372.0552
"635",2019-11-08,1385.1261
"636",2019-11-09,1385.081
"637",2019-11-10,1385.0358
"638",2019-11-11,1398.7184
"639",2019-11-12,1444.198
"640",2019-11-13,1463.0961
"641",2019-11-14,1477.2243
"642",2019-11-15,1454.1968
"643",2019-11-16,1454.1493
"644",2019-11-17,1454.1019
"645",2019-11-18,1439.0753
"646",2019-11-19,1454.778
"647",2019-11-20,1474.4247
"648",2019-11-21,1468.201
"649",2019-11-22,1472.47
"650",2019-11-23,1472.422
"651",2019-11-24,1472.3739
"652",2019-11-25,1476.7709
"653",2019-11-26,1483.9417
"654",2019-11-27,1513.63
"655",2019-11-28,1551.9624
"656",2019-11-29,1518.1295
"657",2019-11-30,1518.08
"658",2019-12-01,1518.0305
"659",2019-12-02,1492.2134
"660",2019-12-03,1479.3193
"661",2019-12-04,1478.1108
"662",2019-12-05,1457.9068
"663",2019-12-06,1461.1081
"664",2019-12-07,1461.0605
"665",2019-12-08,1461.0129
"666",2019-12-09,1442.2826
"667",2019-12-10,1453.305
"668",2019-12-11,1447.8302
"669",2019-12-12,1451.4445
"670",2019-12-13,1448.7868
"671",2019-12-14,1448.7395
"672",2019-12-15,1448.6923
"673",2019-12-16,1448.9555
"674",2019-12-17,1438.8795
"675",2019-12-18,1430.8964
"676",2019-12-19,1437.7964
"677",2019-12-20,1441.2746
"678",2019-12-21,1441.2276
"679",2019-12-22,1441.1806
"680",2019-12-23,1449.9356
"681",2019-12-24,1440.7708
"682",2019-12-25,1440.7238
"683",2019-12-26,1440.1915
"684",2019-12-27,1435.8755
"685",2019-12-28,1435.8287
"686",2019-12-29,1435.7819
"687",2019-12-30,1437.8469
"688",2019-12-31,1437.8
"689",2020-01-01,1437.7531
"690",2020-01-02,1464.3731
"691",2020-01-03,1462.3174
"692",2020-01-04,1462.2697
"693",2020-01-05,1462.2221
"694",2020-01-06,1491.1276
"695",2020-01-07,1490.507
"696",2020-01-08,1486.2906
"697",2020-01-09,1491.6127
"698",2020-01-10,1498.7102
"699",2020-01-11,1498.6613
"700",2020-01-12,1498.6125
"701",2020-01-13,1523.0103
"702",2020-01-14,1511.1203
"703",2020-01-15,1513.2726
"704",2020-01-16,1528.0464
"705",2020-01-17,1528.6966
"706",2020-01-18,1528.6468
"707",2020-01-19,1528.5969
"708",2020-01-20,1525.9005
"709",2020-01-21,1523.9861
"710",2020-01-22,1528.3213
"711",2020-01-23,1530.164
"712",2020-01-24,1525.5748
"713",2020-01-25,1525.525
"714",2020-01-26,1525.4753
"715",2020-01-27,1521.856
"716",2020-01-28,1538.7674
"717",2020-01-29,1538.095
"718",2020-01-30,1560.3233
"719",2020-01-31,1535.7597
"720",2020-02-01,1535.7097
"721",2020-02-02,1535.6598
"722",2020-02-03,1533.8475
"723",2020-02-04,1541.4467
"724",2020-02-05,1545.543
"725",2020-02-06,1555.7957
"726",2020-02-07,1564.6682
"727",2020-02-08,1564.6173
"728",2020-02-09,1564.5664
"729",2020-02-10,1588.8235
"730",2020-02-11,1585.3727
"731",2020-02-12,1588.6506
"732",2020-02-13,1599.9681
"733",2020-02-14,1598.4795
"734",2020-02-15,1598.4275
"735",2020-02-16,1598.3756
"736",2020-02-17,1596.8089
"737",2020-02-18,1602.3657
"738",2020-02-19,1612.3028
"739",2020-02-20,1618.2025
"740",2020-02-21,1607.3821
"741",2020-02-22,1607.3299
"742",2020-02-23,1607.2776
"743",2020-02-24,1553.1189
"744",2020-02-25,1505.3199
"745",2020-02-26,1508.5213
"746",2020-02-27,1451.6939
"747",2020-02-28,1448.4683
"748",2020-02-29,1448.4212
"749",2020-03-01,1448.3741
"750",2020-03-02,1511.1936
"751",2020-03-03,1455.7351
"752",2020-03-04,1518.2172
"753",2020-03-05,1489.9923
"754",2020-03-06,1473.9191
"755",2020-03-07,1473.8712
"756",2020-03-08,1473.8233
"757",2020-03-09,1382.7712
"758",2020-03-10,1440.4904
"759",2020-03-11,1375.6499
"760",2020-03-12,1270.5416
"761",2020-03-13,1357.599
"762",2020-03-14,1357.5549
"763",2020-03-15,1357.5107
"764",2020-03-16,1221.414
"765",2020-03-17,1297.5104
"766",2020-03-18,1242.145
"767",2020-03-19,1258.897
"768",2020-03-20,1185.9439
"769",2020-03-21,1185.9053
"770",2020-03-22,1185.8668
"771",2020-03-23,1174.8049
"772",2020-03-24,1259.9874
"773",2020-03-25,1266.093
"774",2020-03-26,1322.8988
"775",2020-03-27,1278.2474
"776",2020-03-28,1278.2059
"777",2020-03-29,1278.1643
"778",2020-03-30,1335.1863
"779",2020-03-31,1328.8741
"780",2020-04-01,1288.249
"781",2020-04-02,1311.1328
"782",2020-04-03,1294.1558
"783",2020-04-04,1294.1137
"784",2020-04-05,1294.0716
"785",2020-04-06,1364.7724
"786",2020-04-07,1346.8782
"787",2020-04-08,1399.2207
"788",2020-04-09,1396.1896
"789",2020-04-10,1396.1442
"790",2020-04-11,1396.0988
"791",2020-04-12,1396.0534
"792",2020-04-13,1397.7523
"793",2020-04-14,1450.3785
"794",2020-04-15,1437.2878
"795",2020-04-16,1438.1984
"796",2020-04-17,1462.9778
"797",2020-04-18,1462.9302
"798",2020-04-19,1462.8826
"799",2020-04-20,1452.7836
"800",2020-04-21,1415.0023
"801",2020-04-22,1441.6348
"802",2020-04-23,1443.3811
"803",2020-04-24,1466.3719
"804",2020-04-25,1466.3242
"805",2020-04-26,1466.2766
"806",2020-04-27,1481.0237
"807",2020-04-28,1459.7343
"808",2020-04-29,1481.6273
"809",2020-04-30,1470.1547
"810",2020-05-01,1470.1069
"811",2020-05-02,1470.0591
"812",2020-05-03,1470.0113
"813",2020-05-04,1441.0952
"814",2020-05-05,1445.5566
"815",2020-05-06,1454.4105
"816",2020-05-07,1468.1485
"817",2020-05-08,1476.7476
"818",2020-05-09,1476.6996
"819",2020-05-10,1476.6516
"820",2020-05-11,1478.0687
"821",2020-05-12,1442.154
"822",2020-05-13,1416.1062
"823",2020-05-14,1434.7393
"824",2020-05-15,1442.9104
"825",2020-05-16,1442.8635
"826",2020-05-17,1442.8166
"827",2020-05-18,1476.8332
"828",2020-05-19,1463.5709
"829",2020-05-20,1467.3163
"830",2020-05-21,1467.2686
"831",2020-05-22,1457.4751
"832",2020-05-23,1457.4277
"833",2020-05-24,1457.3803
"834",2020-05-25,1453.9327
"835",2020-05-26,1463.2949
"836",2020-05-27,1503.4529
"837",2020-05-28,1494.2511
"838",2020-05-29,1492.412
"839",2020-05-30,1492.3634
"840",2020-05-31,1492.3149
"841",2020-06-01,1483.4867
"842",2020-06-02,1471.9312
"843",2020-06-03,1462.5398
"844",2020-06-04,1467.0718
"845",2020-06-05,1482.8438
"846",2020-06-06,1482.7956
"847",2020-06-07,1482.7474
"848",2020-06-08,1505.8616
"849",2020-06-09,1505.4019
"850",2020-06-10,1500.2027
"851",2020-06-11,1447.3168
"852",2020-06-12,1475.9067
"853",2020-06-13,1475.8587
"854",2020-06-14,1475.8107
"855",2020-06-15,1500.1994
"856",2020-06-16,1494.6293
"857",2020-06-17,1527.9723
"858",2020-06-18,1555.0636
"859",2020-06-19,1558.4222
"860",2020-06-20,1558.3715
"861",2020-06-21,1558.3208
"862",2020-06-22,1568.5293
"863",2020-06-23,1580.6957
"864",2020-06-24,1548.28
"865",2020-06-25,1550.6824
"866",2020-06-26,1524.1132
"867",2020-06-27,1524.0637
"868",2020-06-28,1524.0141
"869",2020-06-29,1523.9646
"870",2020-06-30,1576.0282
"871",2020-07-01,1576.0006
"872",2020-07-02,1561.7152
"873",2020-07-03,1556.9884
"874",2020-07-04,1556.9378
"875",2020-07-05,1556.8872
"876",2020-07-06,1578.09
"877",2020-07-07,1554.5181
"878",2020-07-08,1556.0056
"879",2020-07-09,1547.859
"880",2020-07-10,1575.601
"881",2020-07-11,1575.5498
"882",2020-07-12,1575.4986
"883",2020-07-13,1548.2002
"884",2020-07-14,1565.4795
"885",2020-07-15,1578.0178
"886",2020-07-16,1577.9665
"887",2020-07-17,1573.6381
"888",2020-07-18,1573.587
"889",2020-07-19,1573.5358
"890",2020-07-20,1596.46
"891",2020-07-21,1575.6439
"892",2020-07-22,1566.1228
"893",2020-07-23,1536.3564
"894",2020-07-24,1525.5675
"895",2020-07-25,1525.5179
"896",2020-07-26,1525.4683
"897",2020-07-27,1548.1037
"898",2020-07-28,1529.4471
"899",2020-07-29,1533.4509
"900",2020-07-30,1524.7459
"901",2020-07-31,1543.042
"902",2020-08-01,1542.9919
"903",2020-08-02,1542.9417
"904",2020-08-03,1572.5421
"905",2020-08-04,1592.3958
"906",2020-08-05,1614.8665
"907",2020-08-06,1629.7745
"908",2020-08-07,1633.7324
"909",2020-08-08,1633.6792
"910",2020-08-09,1633.6261
"911",2020-08-10,1658.8148
"912",2020-08-11,1634.6116
"913",2020-08-12,1661.8773
"914",2020-08-13,1661.8986
"915",2020-08-14,1666.7637
"916",2020-08-15,1666.7095
"917",2020-08-16,1666.6553
"918",2020-08-17,1694.2576
"919",2020-08-18,1685.02
"920",2020-08-19,1653.5899
"921",2020-08-20,1665.6508
"922",2020-08-21,1683.9669
"923",2020-08-22,1683.9121
"924",2020-08-23,1683.8574
"925",2020-08-24,1685.8961
"926",2020-08-25,1692.5696
"927",2020-08-26,1722.0611
"928",2020-08-27,1713.4029
"929",2020-08-28,1718.2904
"930",2020-08-29,1718.2345
"931",2020-08-30,1718.1787
"932",2020-08-31,1715.6627
"933",2020-09-01,1727.0818
"934",2020-09-02,1747.1762
"935",2020-09-03,1672.7589
"936",2020-09-04,1653.215
"937",2020-09-05,1653.1613
"938",2020-09-06,1653.1075
"939",2020-09-07,1652.0065
"940",2020-09-08,1600.9035
"941",2020-09-09,1623.6882
"942",2020-09-10,1591.2119
"943",2020-09-11,1593.4879
"944",2020-09-12,1593.4361
"945",2020-09-13,1593.3843
"946",2020-09-14,1621.054
"947",2020-09-15,1625.3668
"948",2020-09-16,1615.453
"949",2020-09-17,1605.1435
"950",2020-09-18,1605.0913
"951",2020-09-19,1605.0391
"952",2020-09-20,1604.987
"953",2020-09-21,1601.2308
"954",2020-09-22,1621.4245
"955",2020-09-23,1593.9666
"956",2020-09-24,1612.4563
"957",2020-09-25,1639.7676
"958",2020-09-26,1639.7143
"959",2020-09-27,1639.6609
"960",2020-09-28,1662.7978
"961",2020-09-29,1660.9246
"962",2020-09-30,1676.5408
"963",2020-10-01,1692.7395
"964",2020-10-02,1675.5485
"965",2020-10-03,1675.494
"966",2020-10-04,1675.4395
"967",2020-10-05,1719.2221
"968",2020-10-06,1705.5264
"969",2020-10-07,1732.0289
"970",2020-10-08,1750.5731
"971",2020-10-09,1770.2559
"972",2020-10-10,1770.1984
"973",2020-10-11,1770.1408
"974",2020-10-12,1770.0833
"975",2020-10-13,1802.124
"976",2020-10-14,1792.4544
"977",2020-10-15,1792.2789
"978",2020-10-16,1773.5991
"979",2020-10-17,1773.5414
"980",2020-10-18,1773.4838
"981",2020-10-19,1735.6127
"982",2020-10-20,1734.2638
"983",2020-10-21,1721.3696
"984",2020-10-22,1718.7707
"985",2020-10-23,1715.1483
"986",2020-10-24,1715.0925
"987",2020-10-25,1715.0367
"988",2020-10-26,1687.3362
"989",2020-10-27,1674.501
"990",2020-10-28,1623.8679
"991",2020-10-29,1635.8368
"992",2020-10-30,1605.2166
"993",2020-10-31,1605.1644
"994",2020-11-01,1605.1123
"995",2020-11-02,1610.0014
"996",2020-11-03,1617.5485
"997",2020-11-04,1665.998
"998",2020-11-05,1698.1875
"999",2020-11-06,1722.1967
"1000",2020-11-07,1722.1407
"1001",2020-11-08,1722.0847
"1002",2020-11-09,1698.6632
"1003",2020-11-10,1691.5338
"1004",2020-11-11,1715.0433
"1005",2020-11-12,1702.2843
"1006",2020-11-13,1741.2508
"1007",2020-11-14,1741.1942
"1008",2020-11-15,1741.1375
"1009",2020-11-16,1762.9284
"1010",2020-11-17,1758.8314
"1011",2020-11-18,1725.4865
"1012",2020-11-19,1743.0296
"1013",2020-11-20,1745.0342
"1014",2020-11-21,1744.9775
"1015",2020-11-22,1744.9207
"1016",2020-11-23,1767.3001
"1017",2020-11-24,1800.7841
"1018",2020-11-25,1805.7583
"1019",2020-11-26,1792.9172
"1020",2020-11-27,1809.7739
"1021",2020-11-28,1809.715
"1022",2020-11-29,1809.6562
"1023",2020-11-30,1811.4406
"1024",2020-12-01,1814.1689
"1025",2020-12-02,1803.0652
"1026",2020-12-03,1800.1468
"1027",2020-12-04,1811.9917
"1028",2020-12-05,1811.9328
"1029",2020-12-06,1811.8739
"1030",2020-12-07,1813.3256
"1031",2020-12-08,1813.2666
"1032",2020-12-09,1777.4917
"1033",2020-12-10,1786.3479
"1034",2020-12-11,1770.1968
"1035",2020-12-12,1770.1392
"1036",2020-12-13,1770.0817
"1037",2020-12-14,1769.3311
"1038",2020-12-15,1796.7266
"1039",2020-12-16,1804.4364
"1040",2020-12-17,1791.116
"1041",2020-12-18,1789.1983
"1042",2020-12-19,1789.1401
"1043",2020-12-20,1789.0819
"1044",2020-12-21,1803.5386
"1045",2020-12-22,1809.6779
"1046",2020-12-23,1773.1746
"1047",2020-12-24,1762.9713
"1048",2020-12-25,1762.914
"1049",2020-12-26,1762.8566
"1050",2020-12-27,1762.7993
"1051",2020-12-28,1767.7404
"1052",2020-12-29,1758.7348
"1053",2020-12-30,1769.8528
"1054",2020-12-31,1769.7952
"1055",2021-01-01,1769.7375
"1056",2021-01-02,1769.6798
"1057",2021-01-03,1769.6222
"1058",2021-01-04,1733.9544
"1059",2021-01-05,1751.3021
"1060",2021-01-06,1731.759
"1061",2021-01-07,1812.8224
"1062",2021-01-08,1838.4439
"1063",2021-01-09,1838.384
"1064",2021-01-10,1838.3241
"1065",2021-01-11,1835.5871
"1066",2021-01-12,1857.9297
"1067",2021-01-13,1899.8387
"1068",2021-01-14,1891.0568
"1069",2021-01-15,1869.0262
"1070",2021-01-16,1868.9653
"1071",2021-01-17,1868.9043
"1072",2021-01-18,1871.4313
"1073",2021-01-19,1892.4114
"1074",2021-01-20,1909.7447
"1075",2021-01-21,1877.6725
"1076",2021-01-22,1895.2884
"1077",2021-01-23,1895.2267
"1078",2021-01-24,1895.1649
"1079",2021-01-25,1925.3496
"1080",2021-01-26,1909.0096
"1081",2021-01-27,1872.1219
"1082",2021-01-28,1900.1355
"1083",2021-01-29,1846.9512
"1084",2021-01-30,1846.891
"1085",2021-01-31,1846.8307
"1086",2021-02-01,1885.0224
"1087",2021-02-02,1925.6801
"1088",2021-02-03,1909.9406
"1089",2021-02-04,1949.2599
"1090",2021-02-05,1956.094
"1091",2021-02-06,1956.0303
"1092",2021-02-07,1955.9665
"1093",2021-02-08,1977.795
"1094",2021-02-09,1982.1811
"1095",2021-02-10,1969.5227
"1096",2021-02-11,1973.0777
"1097",2021-02-12,1991.402
"1098",2021-02-13,1991.3371
"1099",2021-02-14,1991.2722
"1100",2021-02-15,1974.9842
"1101",2021-02-16,1969.3152
"1102",2021-02-17,1961.2074
"1103",2021-02-18,1918.8303
"1104",2021-02-19,1918.5857
"1105",2021-02-20,1918.5258
"1106",2021-02-21,1918.4633
"1107",2021-02-22,1868.0545
"1108",2021-02-23,1846.0542
"1109",2021-02-24,1848.7149
"1110",2021-02-25,1792.769
"1111",2021-02-26,1824.4222
"1112",2021-02-27,1824.3628
"1113",2021-02-28,1824.3033
"1114",2021-03-01,1884.4647
"1115",2021-03-02,1867.7666
"1116",2021-03-03,1830.8997
"1117",2021-03-04,1771.8493
"1118",2021-03-05,1801.933
"1119",2021-03-06,1801.8742
"1120",2021-03-07,1801.8155
"1121",2021-03-08,1759.3549
"1122",2021-03-09,1822.2807
"1123",2021-03-10,1805.4249
"1124",2021-03-11,1833.5922
"1125",2021-03-12,1818.0568
"1126",2021-03-13,1817.9975
"1127",2021-03-14,1817.9382
"1128",2021-03-15,1842.8574
"1129",2021-03-16,1845.956
"1130",2021-03-17,1873.5329
"1131",2021-03-18,1803.3866
"1132",2021-03-19,1795.7668
"1133",2021-03-20,1795.7083
"1134",2021-03-21,1795.6497
"1135",2021-03-22,1812.4242
"1136",2021-03-23,1797.86
"1137",2021-03-24,1762.1448
"1138",2021-03-25,1782.1564
"1139",2021-03-26,1811.7207
"1140",2021-03-27,1811.6617
"1141",2021-03-28,1811.6026
"1142",2021-03-29,1811.0293
"1143",2021-03-30,1808.0451
"1144",2021-03-31,1812.2184
"1145",2021-04-01,1831.4426
"1146",2021-04-02,1831.3829
"1147",2021-04-03,1831.3232
"1148",2021-04-04,1831.2635
"1149",2021-04-05,1855.1156
"1150",2021-04-06,1859.111
"1151",2021-04-07,1837.6382
"1152",2021-04-08,1845.7442
"1153",2021-04-09,1856.0863
"1154",2021-04-10,1856.0258
"1155",2021-04-11,1855.9653
"1156",2021-04-12,1844.9798
"1157",2021-04-13,1863.972
"1158",2021-04-14,1843.089
"1159",2021-04-15,1850.2532
"1160",2021-04-16,1847.3938
"1161",2021-04-17,1847.3336
"1162",2021-04-18,1847.2734
"1163",2021-04-19,1822.5088
"1164",2021-04-20,1795.0735
"1165",2021-04-21,1819.3259
"1166",2021-04-22,1830.74
"1167",2021-04-23,1879.0905
"1168",2021-04-24,1879.0293
"1169",2021-04-25,1878.968
"1170",2021-04-26,1879.889
"1171",2021-04-27,1858.9037
"1172",2021-04-28,1847.9986
"1173",2021-04-29,1855.9568
"1174",2021-04-30,1847.0311
"1175",2021-05-01,1846.9709
"1176",2021-05-02,1846.9106
"1177",2021-05-03,1822.2211
"1178",2021-05-04,1790.1481
"1179",2021-05-05,1782.5383
"1180",2021-05-06,1778.3128
"1181",2021-05-07,1776.2251
"1182",2021-05-08,1776.1672
"1183",2021-05-09,1776.1093
"1184",2021-05-10,1726.645
"1185",2021-05-11,1742.9742
"1186",2021-05-12,1711.6912
"1187",2021-05-13,1716.215
"1188",2021-05-14,1747.9727
"1189",2021-05-15,1747.9157
"1190",2021-05-16,1747.8587
"1191",2021-05-17,1769.7351
"1192",2021-05-18,1766.1401
"1193",2021-05-19,1773.6865
"1194",2021-05-20,1809.5824
"1195",2021-05-21,1809.5234
"1196",2021-05-22,1809.4644
"1197",2021-05-23,1809.4054
"1198",2021-05-24,1851.2181
"1199",2021-05-25,1876.3474
"1200",2021-05-26,1883.512
"1201",2021-05-27,1880.7603
"1202",2021-05-28,1871.6274
"1203",2021-05-29,1871.5664
"1204",2021-05-30,1871.5054
"1205",2021-05-31,1864.2596
"1206",2021-06-01,1868.5503
"1207",2021-06-02,1866.3611
"1208",2021-06-03,1838.7301
"1209",2021-06-04,1859.0818
"1210",2021-06-05,1859.0212
"1211",2021-06-06,1858.9606
"1212",2021-06-07,1859.2733
"1213",2021-06-08,1863.2772
"1214",2021-06-09,1861.2531
"1215",2021-06-10,1883.5323
"1216",2021-06-11,1888.5422
"1217",2021-06-12,1888.4806
"1218",2021-06-13,1888.4191
"1219",2021-06-14,1897.074
"1220",2021-06-15,1892.2329
"1221",2021-06-16,1882.2278
"1222",2021-06-17,1924.9681
"1223",2021-06-18,1928.478
"1224",2021-06-19,1928.4151
"1225",2021-06-20,1928.3522
"1226",2021-06-21,1928.2894
"1227",2021-06-22,1956.2234
"1228",2021-06-23,1929.0268
"1229",2021-06-24,1937.1045
"1230",2021-06-25,1946.2947
"1231",2021-06-26,1946.2312
"1232",2021-06-27,1946.1677
"1233",2021-06-28,1946.1043
"1234",2021-06-29,1989.7603
"1235",2021-06-30,1963.221
"1236",2021-07-01,1980.686
"1237",2021-07-02,1978.4684
"1238",2021-07-03,1978.4039
"1239",2021-07-04,1978.3394
"1240",2021-07-05,1977.1868
"1241",2021-07-06,1990.2567
"1242",2021-07-07,2001.2497
"1243",2021-07-08,1981.477
"1244",2021-07-09,1995.89
"1245",2021-07-10,1995.825
"1246",2021-07-11,1995.7599
"1247",2021-07-12,1991.2872
"1248",2021-07-13,1991.0644
"1249",2021-07-14,1982.5101
"1250",2021-07-15,1980.329
"1251",2021-07-16,1980.2644
"1252",2021-07-17,1980.1998
"1253",2021-07-18,1980.1353
"1254",2021-07-19,1956.343
"1255",2021-07-20,1980.1605
"1256",2021-07-21,2000.7599
"1257",2021-07-22,1986.243
"1258",2021-07-23,2006.0902
"1259",2021-07-24,2006.0248
"1260",2021-07-25,2005.9594
"1261",2021-07-26,2002.4769
"1262",2021-07-27,1964.6833
"1263",2021-07-28,2013.9701
"1264",2021-07-29,2004.4907
"1265",2021-07-30,2002.1548
"1266",2021-07-31,2002.0895
"1267",2021-08-01,2002.0242
"1268",2021-08-02,2010.5664
"1269",2021-08-03,2051.8158
"1270",2021-08-04,2062.9837
"1271",2021-08-05,2069.5096
"1272",2021-08-06,2079.5915
"1273",2021-08-07,2079.5237
"1274",2021-08-08,2079.4559
"1275",2021-08-09,2096.6254
"1276",2021-08-10,2069.263
"1277",2021-08-11,2049.8684
"1278",2021-08-12,2045.0605
"1279",2021-08-13,2048.4347
"1280",2021-08-14,2048.3679
"1281",2021-08-15,2048.3012
"1282",2021-08-16,2060.8827
"1283",2021-08-17,2047.6598
"1284",2021-08-18,2029.6006
"1285",2021-08-19,2031.3233
"1286",2021-08-20,2037.0254
"1287",2021-08-21,2036.959
"1288",2021-08-22,2036.8926
"1289",2021-08-23,2064.7956
"1290",2021-08-24,2077.1015
"1291",2021-08-25,2084.4619
"1292",2021-08-26,2075.142
"1293",2021-08-27,2096.6102
"1294",2021-08-28,2096.5419
"1295",2021-08-29,2096.4735
"1296",2021-08-30,2093.1018
"1297",2021-08-31,2081.5361
"1298",2021-09-01,2070.0922
"1299",2021-09-02,2077.0788
"1300",2021-09-03,2075.9646
"1301",2021-09-04,2075.8969
"1302",2021-09-05,2075.8293
"1303",2021-09-06,2087.4804
"1304",2021-09-07,2108.8662
"1305",2021-09-08,2113.1682
"1306",2021-09-09,2119.164
"1307",2021-09-10,2105.9833
"1308",2021-09-11,2105.9146
"1309",2021-09-12,2105.8459
"1310",2021-09-13,2095.1507
"1311",2021-09-14,2083.3609
"1312",2021-09-15,2086.7175
"1313",2021-09-16,2078.7701
"1314",2021-09-17,2078.7023
"1315",2021-09-18,2078.6346
"1316",2021-09-19,2078.5668
"1317",2021-09-20,2033.3011
"1318",2021-09-21,2031.5269
"1319",2021-09-22,2056.9608
"1320",2021-09-23,2084.3187
"1321",2021-09-24,2079.9897
"1322",2021-09-25,2079.9219
"1323",2021-09-26,2079.8541
"1324",2021-09-27,2096.4645
"1325",2021-09-28,2049.1345
"1326",2021-09-29,2049.8216
"1327",2021-09-30,2069.0625
"1328",2021-10-01,2060.841
"1329",2021-10-02,2060.7738
"1330",2021-10-03,2060.7066
"1331",2021-10-04,2024.1419
"1332",2021-10-05,2056.1495
"1333",2021-10-06,2075.4283
"1334",2021-10-07,2096.9327
"1335",2021-10-08,2108.2159
"1336",2021-10-09,2108.1471
"1337",2021-10-10,2108.0784
"1338",2021-10-11,2108.0097
"1339",2021-10-12,2122.3856
"1340",2021-10-13,2123.6788
"1341",2021-10-14,2144.3603
"1342",2021-10-15,2181.7489
"1343",2021-10-16,2181.6778
"1344",2021-10-17,2181.6066
"1345",2021-10-18,2176.7158
"1346",2021-10-19,2183.8092
"1347",2021-10-20,2178.0029
"1348",2021-10-21,2203.0657
"1349",2021-10-22,2191.6007
"1350",2021-10-23,2191.5292
"1351",2021-10-24,2191.4578
"1352",2021-10-25,2189.6888
"1353",2021-10-26,2176.5478
"1354",2021-10-27,2159.6574
"1355",2021-10-28,2192.7574
"1356",2021-10-29,2213.0521
"1357",2021-10-30,2212.9799
"1358",2021-10-31,2212.9078
"1359",2021-11-01,2212.8357
"1360",2021-11-02,2248.6417
"1361",2021-11-03,2267.9138
"1362",2021-11-04,2296.0956
"1363",2021-11-05,2289.3259
"1364",2021-11-06,2289.2513
"1365",2021-11-07,2289.1767
"1366",2021-11-08,2292.486
"1367",2021-11-09,2263.5718
